name,label
dumbledore/00000005.jpg,dumbledore
dumbledore/00000002.jpg,dumbledore
dumbledore/00000006.jpg,dumbledore
dumbledore/00000003.jpg,dumbledore
dumbledore/00000004.jpg,dumbledore
dumbledore/00000001.jpg,dumbledore
dumbledore/00000007.jpg,dumbledore
dumbledore/00000000.jpg,dumbledore
dumbledore/00000009.jpg,dumbledore
dumbledore/00000012.jpg,dumbledore
dumbledore/00000010.jpg,dumbledore
dumbledore/00000014.jpg,dumbledore
dumbledore/00000011.jpg,dumbledore
dumbledore/00000013.jpg,dumbledore
dumbledore/00000015.jpg,dumbledore
dumbledore/00000016.jpg,dumbledore
dumbledore/00000017.jpg,dumbledore
dumbledore/00000018.jpg,dumbledore
dumbledore/00000020.jpg,dumbledore
dumbledore/00000019.jpg,dumbledore
dumbledore/00000021.jpg,dumbledore
dumbledore/00000022.jpg,dumbledore
dumbledore/00000023.jpg,dumbledore
dumbledore/00000024.jpg,dumbledore
dumbledore/00000028.jpg,dumbledore
dumbledore/00000026.jpg,dumbledore
dumbledore/00000027.jpg,dumbledore
dumbledore/00000030.jpg,dumbledore
dumbledore/00000031.jpg,dumbledore
dumbledore/00000034.jpg,dumbledore
dumbledore/00000032.jpg,dumbledore
dumbledore/00000036.jpg,dumbledore
dumbledore/00000037.jpg,dumbledore
dumbledore/00000033.jpg,dumbledore
dumbledore/00000038.jpg,dumbledore
dumbledore/00000039.jpg,dumbledore
dumbledore/00000042.jpg,dumbledore
dumbledore/00000044.jpg,dumbledore
dumbledore/00000043.jpg,dumbledore
dumbledore/00000045.jpg,dumbledore
dumbledore/00000046.jpg,dumbledore
dumbledore/00000041.jpg,dumbledore
dumbledore/00000051.jpg,dumbledore
dumbledore/00000050.jpg,dumbledore
dumbledore/00000049.jpg,dumbledore
dumbledore/00000053.jpg,dumbledore
dumbledore/00000054.jpg,dumbledore
dumbledore/00000055.jpg,dumbledore
dumbledore/00000057.jpg,dumbledore
dumbledore/00000060.jpg,dumbledore
dumbledore/00000062.jpg,dumbledore
dumbledore/00000059.jpg,dumbledore
dumbledore/00000058.jpg,dumbledore
dumbledore/00000061.jpg,dumbledore
dumbledore/00000063.jpg,dumbledore
dumbledore/00000064.jpg,dumbledore
dumbledore/00000065.jpg,dumbledore
dumbledore/00000066.jpg,dumbledore
dumbledore/00000071.jpg,dumbledore
dumbledore/00000069.jpg,dumbledore
dumbledore/00000070.jpg,dumbledore
dumbledore/00000067.jpg,dumbledore
dumbledore/00000068.jpg,dumbledore
dumbledore/00000073.jpg,dumbledore
dumbledore/00000075.jpg,dumbledore
dumbledore/00000077.jpg,dumbledore
dumbledore/00000076.jpg,dumbledore
dumbledore/00000079.jpg,dumbledore
dumbledore/00000082.jpg,dumbledore
dumbledore/00000081.jpg,dumbledore
dumbledore/00000080.jpg,dumbledore
dumbledore/00000084.jpg,dumbledore
dumbledore/00000083.jpg,dumbledore
dumbledore/00000086.jpg,dumbledore
dumbledore/00000085.jpg,dumbledore
dumbledore/00000087.jpg,dumbledore
dumbledore/00000088.jpg,dumbledore
dumbledore/00000089.jpg,dumbledore
dumbledore/00000090.jpg,dumbledore
dumbledore/00000091.jpg,dumbledore
dumbledore/00000092.jpg,dumbledore
dumbledore/00000094.jpg,dumbledore
dumbledore/00000097.jpg,dumbledore
dumbledore/00000096.jpg,dumbledore
dumbledore/00000098.jpg,dumbledore
dumbledore/00000100.jpg,dumbledore
dumbledore/00000102.jpg,dumbledore
dumbledore/00000099.jpg,dumbledore
dumbledore/00000101.jpg,dumbledore
dumbledore/00000103.jpg,dumbledore
dumbledore/00000104.jpg,dumbledore
dumbledore/00000105.jpg,dumbledore
dumbledore/00000107.jpg,dumbledore
dumbledore/00000111.jpg,dumbledore
dumbledore/00000109.jpg,dumbledore
dumbledore/00000112.jpg,dumbledore
dumbledore/00000113.jpg,dumbledore
dumbledore/00000115.jpg,dumbledore
dumbledore/00000114.jpg,dumbledore
dumbledore/00000117.jpg,dumbledore
dumbledore/00000119.jpg,dumbledore
dumbledore/00000120.jpg,dumbledore
dumbledore/00000123.jpg,dumbledore
dumbledore/00000122.jpg,dumbledore
dumbledore/00000121.jpg,dumbledore
dumbledore/00000125.jpg,dumbledore
dumbledore/00000124.jpg,dumbledore
dumbledore/00000126.jpg,dumbledore
dumbledore/00000128.jpg,dumbledore
dumbledore/00000132.jpg,dumbledore
dumbledore/00000131.jpg,dumbledore
dumbledore/00000129.jpg,dumbledore
dumbledore/00000134.jpg,dumbledore
dumbledore/00000135.jpg,dumbledore
dumbledore/00000136.jpg,dumbledore
dumbledore/00000138.jpg,dumbledore
dumbledore/00000137.jpg,dumbledore
dumbledore/00000140.jpg,dumbledore
dumbledore/00000142.jpg,dumbledore
dumbledore/00000143.jpg,dumbledore
dumbledore/00000144.jpg,dumbledore
dumbledore/00000147.jpg,dumbledore
dumbledore/00000148.jpg,dumbledore
dumbledore/00000151.jpg,dumbledore
dumbledore/00000150.jpg,dumbledore
dumbledore/00000153.jpg,dumbledore
dumbledore/00000154.jpg,dumbledore
dumbledore/00000155.jpg,dumbledore
dumbledore/00000158.jpg,dumbledore
dumbledore/00000159.jpg,dumbledore
dumbledore/00000160.jpg,dumbledore
dumbledore/00000161.jpg,dumbledore
dumbledore/00000162.jpg,dumbledore
dumbledore/00000164.jpg,dumbledore
dumbledore/00000163.jpg,dumbledore
dumbledore/00000165.jpg,dumbledore
dumbledore/00000166.jpg,dumbledore
dumbledore/00000167.jpg,dumbledore
dumbledore/00000170.jpg,dumbledore
dumbledore/00000169.jpg,dumbledore
dumbledore/00000172.jpg,dumbledore
dumbledore/00000173.jpg,dumbledore
dumbledore/00000171.jpg,dumbledore
dumbledore/00000174.jpg,dumbledore
dumbledore/00000176.jpg,dumbledore
dumbledore/00000175.jpg,dumbledore
dumbledore/00000177.jpg,dumbledore
dumbledore/00000181.jpg,dumbledore
dumbledore/00000180.jpg,dumbledore
dumbledore/00000182.jpg,dumbledore
dumbledore/00000183.jpg,dumbledore
dumbledore/00000184.jpg,dumbledore
dumbledore/00000185.jpg,dumbledore
dumbledore/00000186.jpg,dumbledore
dumbledore/00000188.jpg,dumbledore
dumbledore/00000187.jpg,dumbledore
dumbledore/00000191.jpg,dumbledore
dumbledore/00000189.jpg,dumbledore
dumbledore/00000192.jpg,dumbledore
dumbledore/00000193.jpg,dumbledore
dumbledore/00000195.jpg,dumbledore
dumbledore/00000198.jpg,dumbledore
dumbledore/00000196.jpg,dumbledore
dumbledore/00000199.jpg,dumbledore
gandalf/00000001.jpg,gandalf
gandalf/00000002.jpg,gandalf
gandalf/00000000.jpg,gandalf
gandalf/00000004.jpg,gandalf
gandalf/00000005.jpg,gandalf
gandalf/00000006.jpg,gandalf
gandalf/00000003.jpg,gandalf
gandalf/00000007.jpg,gandalf
gandalf/00000009.jpg,gandalf
gandalf/00000008.jpg,gandalf
gandalf/00000010.jpg,gandalf
gandalf/00000013.jpg,gandalf
gandalf/00000011.jpg,gandalf
gandalf/00000012.jpg,gandalf
gandalf/00000014.jpg,gandalf
gandalf/00000015.jpg,gandalf
gandalf/00000018.jpg,gandalf
gandalf/00000016.jpg,gandalf
gandalf/00000017.jpg,gandalf
gandalf/00000019.jpg,gandalf
gandalf/00000021.jpg,gandalf
gandalf/00000020.jpg,gandalf
gandalf/00000022.jpg,gandalf
gandalf/00000023.jpg,gandalf
gandalf/00000025.jpg,gandalf
gandalf/00000024.jpg,gandalf
gandalf/00000027.jpg,gandalf
gandalf/00000026.jpg,gandalf
gandalf/00000030.jpg,gandalf
gandalf/00000031.jpg,gandalf
gandalf/00000029.jpg,gandalf
gandalf/00000028.jpg,gandalf
gandalf/00000032.jpg,gandalf
gandalf/00000033.jpg,gandalf
gandalf/00000034.jpg,gandalf
gandalf/00000035.jpg,gandalf
gandalf/00000037.jpg,gandalf
gandalf/00000036.jpg,gandalf
gandalf/00000039.jpg,gandalf
gandalf/00000038.jpg,gandalf
gandalf/00000040.jpg,gandalf
gandalf/00000041.jpg,gandalf
gandalf/00000042.jpg,gandalf
gandalf/00000043.jpg,gandalf
gandalf/00000045.jpg,gandalf
gandalf/00000044.jpg,gandalf
gandalf/00000046.jpg,gandalf
gandalf/00000047.jpg,gandalf
gandalf/00000050.jpg,gandalf
gandalf/00000048.jpg,gandalf
gandalf/00000049.jpg,gandalf
gandalf/00000051.jpg,gandalf
gandalf/00000052.jpg,gandalf
gandalf/00000053.jpg,gandalf
gandalf/00000055.jpg,gandalf
gandalf/00000054.jpg,gandalf
gandalf/00000057.jpg,gandalf
gandalf/00000056.jpg,gandalf
gandalf/00000058.jpg,gandalf
gandalf/00000059.jpg,gandalf
gandalf/00000060.jpg,gandalf
gandalf/00000061.jpg,gandalf
gandalf/00000064.jpg,gandalf
gandalf/00000063.jpg,gandalf
gandalf/00000062.jpg,gandalf
gandalf/00000066.jpg,gandalf
gandalf/00000067.jpg,gandalf
gandalf/00000065.jpg,gandalf
gandalf/00000069.jpg,gandalf
gandalf/00000068.jpg,gandalf
gandalf/00000070.jpg,gandalf
gandalf/00000071.jpg,gandalf
gandalf/00000072.jpg,gandalf
gandalf/00000076.jpg,gandalf
gandalf/00000074.jpg,gandalf
gandalf/00000075.jpg,gandalf
gandalf/00000077.jpg,gandalf
gandalf/00000073.jpg,gandalf
gandalf/00000078.jpg,gandalf
gandalf/00000079.jpg,gandalf
gandalf/00000080.jpg,gandalf
gandalf/00000083.jpg,gandalf
gandalf/00000082.jpg,gandalf
gandalf/00000081.jpg,gandalf
gandalf/00000084.jpg,gandalf
gandalf/00000085.jpg,gandalf
gandalf/00000086.jpg,gandalf
gandalf/00000087.jpg,gandalf
gandalf/00000088.jpg,gandalf
gandalf/00000090.jpg,gandalf
gandalf/00000089.jpg,gandalf
gandalf/00000091.jpg,gandalf
gandalf/00000092.jpg,gandalf
gandalf/00000094.jpg,gandalf
gandalf/00000095.jpg,gandalf
gandalf/00000096.jpg,gandalf
gandalf/00000098.jpg,gandalf
gandalf/00000097.jpg,gandalf
gandalf/00000099.jpg,gandalf
gandalf/00000100.jpg,gandalf
gandalf/00000101.jpg,gandalf
gandalf/00000102.jpg,gandalf
gandalf/00000105.jpg,gandalf
gandalf/00000104.jpg,gandalf
gandalf/00000103.jpg,gandalf
gandalf/00000107.jpg,gandalf
gandalf/00000106.jpg,gandalf
gandalf/00000108.jpg,gandalf
gandalf/00000109.jpg,gandalf
gandalf/00000110.jpg,gandalf
gandalf/00000111.jpg,gandalf
gandalf/00000114.jpg,gandalf
gandalf/00000112.jpg,gandalf
gandalf/00000115.jpg,gandalf
gandalf/00000113.jpg,gandalf
gandalf/00000116.jpg,gandalf
gandalf/00000117.jpg,gandalf
gandalf/00000118.jpg,gandalf
gandalf/00000121.jpg,gandalf
gandalf/00000119.jpg,gandalf
gandalf/00000120.jpg,gandalf
gandalf/00000123.jpg,gandalf
gandalf/00000122.jpg,gandalf
gandalf/00000124.jpg,gandalf
gandalf/00000125.jpg,gandalf
gandalf/00000127.jpg,gandalf
gandalf/00000128.jpg,gandalf
gandalf/00000129.jpg,gandalf
gandalf/00000130.jpg,gandalf
gandalf/00000131.jpg,gandalf
gandalf/00000132.jpg,gandalf
gandalf/00000133.jpg,gandalf
gandalf/00000135.jpg,gandalf
gandalf/00000136.jpg,gandalf
gandalf/00000134.jpg,gandalf
gandalf/00000126.jpg,gandalf
gandalf/00000137.jpg,gandalf
gandalf/00000139.jpg,gandalf
gandalf/00000138.jpg,gandalf
gandalf/00000140.jpg,gandalf
gandalf/00000142.jpg,gandalf
gandalf/00000143.jpg,gandalf
gandalf/00000141.jpg,gandalf
gandalf/00000145.jpg,gandalf
gandalf/00000146.jpg,gandalf
gandalf/00000148.jpg,gandalf
gandalf/00000147.jpg,gandalf
gandalf/00000151.jpg,gandalf
gandalf/00000150.jpg,gandalf
gandalf/00000149.jpg,gandalf
gandalf/00000153.jpg,dumbledore
gandalf/00000152.jpg,gandalf
gandalf/00000154.jpg,gandalf
gandalf/00000155.jpg,gandalf
gandalf/00000156.jpg,gandalf
gandalf/00000157.jpg,gandalf
gandalf/00000159.jpg,gandalf
gandalf/00000158.jpg,gandalf
